{"cameraMode":{"drawMode":0,"name":"Shaded","section":"Shading Mode"},"sceneLighting":false,"audioPlay":false,"sceneViewState":{"m_AlwaysRefresh":false,"showFog":true,"showSkybox":false,"showFlares":true,"showImageEffects":true,"showParticleSystems":true,"showVisualEffectGraphs":true,"m_FxEnabled":true},"in2DMode":false,"pivot":{"x":-4.4681854248046879,"y":1.3715832233428956,"z":-0.7503340244293213},"rotation":{"x":-0.03584854304790497,"y":0.15733568370342256,"z":-0.0057152980007231239,"w":-0.9868789315223694},"size":2.9283130168914797,"orthographic":false}